time_real,4.06.1+multicore+bench,,4.06.1+multicore+no-effect-syntax+bench,,4.06.1+multicore+scheduling+bench,,4.06.1+multicore-lazy+bench,,4.06.1+scheduling+bench,,4.06.1+trunk+bench,,4.08.0+optim_local_tailcalls+bench,,4.08.0+optim_local_tailcalls+flambda+bench,,4.08.0+trunk+bench,,4.08.0+trunk+flambda+bench,
almabench,1658510059.,904735.831289,1685576088.6,33668689.0407,1668586097.67,772887.005315,1684412070.25,21757240.5594,1611065374.,19014356.7273,1599775216.33,1866126.23155,1599722076.67,2846468.08134,1608684725.75,13744745.212,1600940153.67,2592932.06336,1595825570.,1305104.00983
bdd,205312927.55,1421815.73798,205913458.95,1260070.59201,206536502.15,958739.234452,204181591.7,1142421.72824,190751397.048,1334426.03388,191658263.952,1160638.17385,190351767.273,851822.035352,209612053.5,1105857.2185,193009926.714,3136427.552,211267191.684,1834161.75943
cpdf-merge,5352168755.67,18092752.3687,5377113190.,nan,5368945130.,nan,5418368867.,nan,3929011655.33,4372643.14454,4145716775.33,7912139.64806,4061673532.67,30705385.4388,4117577003.5,3722469.60435,4258986458.33,18733375.9482,4111747043.67,16926030.3888
cpdf-reformat,7459972884.5,54647.3333704,7566063717.,nan,7576444011.,nan,7571269896.,nan,6520455400.,2694322.90948,6590262993.5,67107246.8763,6555256344.5,1185479.3679,6536469009.5,3946756.80428,6603985692.33,28358988.418,6595000092.67,11640023.441
cpdf-squeeze,11378062930.,19341307.8838,11574092279.7,30910892.1924,11556740672.,2792194.97328,11534333329.3,16958554.0964,9439977646.,8301266.73393,9388752146.67,14846181.6102,9344418880.,27584628.7668,9420980742.,9135945.47794,9197497084.33,22594000.3083,9368441043.,1280914.03462
cpdf-transform,2111190904.67,3838958.404,2121850015.25,19469103.067,2109288356.,5711669.69621,2125728571.,12053163.8519,2177254657.33,12220670.8443,2132921273.,121476.702367,2144474233.,20772362.3874,2142124237.75,15867089.5234,2143973209.,8617620.52412,2164044692.5,1799942.43283
jsontrip-sample,17881076.1786,265862.123041,18081462.1982,533761.880555,17867316.6295,283657.090626,17823710.8533,979534.429863,15351101.6322,319137.909523,14545951.7138,325406.450646,,,,,,,,
kb,451027079.111,3930208.05601,459987651.222,744112.487219,459553907.222,798524.174801,457328602.222,571385.22311,423950441.4,4218710.92182,432336370.3,6305092.36382,437929656.9,3716788.47038,418824749.,2047687.9116,435870575.9,847399.112399,428847588.4,3643830.3641
kb-no-exc,297322365.143,6841701.78541,305639538.,nan,304577349.,nan,295418391.,nan,284078425.6,1704620.09008,297363665.429,10930472.3115,293681978.929,10292005.8923,291562825.286,1611786.88607,293021960.429,2381616.34568,294209151.357,6947030.5014
lexifi-g2pp,9888773971.,194556829.36,9824465160.5,4396140.13429,9834937481.,8418056.6572,9871543522.25,75900032.6657,9779658739.4,163597841.272,9698530566.,70749217.9999,9638605945.,20604146.8786,9552985590.5,9092691.04903,9681742185.,44416271.8491,9579414677.5,1059762.85327
menhir-fancy,15409241.7577,1959420.5265,15678594.3711,1582552.17826,15048530.9699,168718.000259,15238701.2928,1327596.86492,10343391.5736,903994.924595,10490215.8508,345792.364165,,,,,,,,
menhir-list-errors,192005388484.,24895171.3777,191412635914.,nan,,,198465038903.,nan,,,120950238292.,131987730.118,,,,,,,,
menhir-sql,3323264682.5,27775540.0576,3286810524.,nan,3305068893.,nan,3309247793.,nan,3086766895.67,25653486.0777,3125908351.,18747432.8593,,,,,,,,
menhir-standard,11552424.4265,847672.000004,11558519.4726,910126.023962,11477118.9169,92759.9051938,11919873.7726,4709021.52453,7799253.57505,80079.2361016,8414127.39076,1214027.67281,,,,,,,,
menhir-sysver,52920301431.,52637307.3916,52569296754.,nan,,,52786076284.,nan,,,46053934190.7,195793721.028,,,,,,,,
minilight,14458233202.3,64036123.971,14602049264.3,20218696.8629,14645574524.,1628434.39016,14467918010.7,16514830.4918,12543328391.,12566489.5832,12470061162.7,16941640.5215,12480703287.,47527797.8581,14731458606.7,61356209.571,12537269459.,7384364.19919,14797532513.7,34635109.947
numal-durand-kerner-aberth,81936072.898,220748.737882,82124564.7755,227797.218443,82225682.1429,246940.999261,82149669.3061,222466.469705,77618887.6538,291763.919717,77050929.2692,242204.529184,76994724.8077,333205.569959,76979977.5769,221671.028827,77247218.7692,278098.875466,76924315.8269,287368.160815
numal-fft,2306685824.,9577611.83173,2350662597.33,14556912.6234,2356788833.67,15224874.5473,2318362855.33,16402291.8954,2215484507.,35061945.0729,2221644014.,19004287.7569,2258810613.,571134.389805,2238386449.75,22690259.0684,2197716357.33,7917875.63808,2196907129.,4540058.61826
numal-k-means,89520144.2444,902962.585264,90022337.8222,918365.377138,89973741.3333,847996.406454,90132598.3111,730830.739708,77849480.0577,759541.19974,77756600.0769,1006383.42131,81324068.98,1190355.34777,75396049.8704,711589.228985,81516022.52,987775.546961,75585340.3019,643411.177148
numal-levinson-durbin,1519944724.33,1567202.46833,1519471460.33,1757874.7322,1520001585.67,1257978.5418,1521247533.67,1152861.58435,1417704864.67,5409860.10735,1409054120.33,1392079.46008,1409643600.33,2331723.3361,1379755954.,7722144.98393,1412259016.,4870126.24177,1377823337.,3964897.87587
numal-lu-decomposition,864817496.4,17694511.2219,859548883.4,5566606.65435,852970779.2,5823612.42969,851812745.6,2938485.75487,774607161.333,2095929.29242,778626143.833,12352273.5833,784452221.5,3437085.79281,633247658.571,6310537.41244,778249809.,2946623.58272,627906299.,8081045.35361
numal-naive-multilayer,2491341825.67,10161296.4142,2493526096.5,1032570.3549,2508613879.67,12382475.5146,2531148024.25,29713945.8724,2298667784.5,2148581.43129,2382878765.,1316016.22946,2366870321.,1116448.06839,2084973591.67,7749712.6752,2280190022.,157343.986736,2059044795.5,965992.008808
numal-qr-decomposition,1145045902.75,1248037.51535,1146177917.,247155.28157,1146520379.,2221670.25824,1144933493.25,329337.356412,1170013433.25,517757.332013,1174841867.,1011590.47801,1173736006.75,697103.199703,1168053044.25,1078415.10155,1173756934.75,1064199.3497,1168683491.25,807847.973562
numal-rnd_access,5365513965.,322890.412134,5312987329.67,5627485.16982,5316989421.,6941025.06547,5351643137.,14308664.9984,4049523087.57,119560663.885,4001973766.33,4069305.85565,4105067360.67,10300156.9075,4170958619.,4081826.2203,4134962394.,3469669.73769,4100154066.5,4350502.04841
numal-simple_access,2174857248.33,16801654.6119,2210174710.33,2116423.36797,2241531986.25,23680139.7614,2176194722.5,772824.578323,2676759265.33,5455631.25976,2950390341.,1512816.77458,3011585624.,7435205.77944,3032603374.33,22386620.0714,3032337221.5,1175968.78169,3018731425.67,11097419.4106
patdiff,,,,,,,,,221553256.842,4768329.84697,220499238.789,4802348.22705,,,,,,,,
sequence,831129616.4,925952.734691,821434941.6,1040840.54303,820129881.6,1327453.19073,819213542.8,342015.72943,847796697.8,1536321.5233,844428503.2,731887.132183,811846564.4,2311101.22294,634662822.286,1051582.22153,863073510.8,3707221.49971,637066480.714,1255626.74674
sequence-cps,1097879317.25,9905734.5747,1138576808.5,5829992.53941,1130815763.75,4597735.35614,1131466541.5,5786077.65088,883181133.375,32134771.4337,873093612.,12585576.3381,870168801.6,13139636.8857,888547857.4,11926163.0091,861493289.,4666180.29848,890048583.8,10080185.5793
setrip,971255155.,5068476.31344,967206597.2,5888481.79429,970996682.4,8994283.61158,973237862.2,3751401.82053,896590720.2,7494383.79119,895561745.6,7100261.71643,,,,,,,,
setrip-smallbuf,977511964.,13236903.4502,974053374.6,19196138.735,964956023.2,10352297.448,980754503.8,17253704.5425,911634079.6,14961596.2729,900333622.2,15438343.243,,,,,,,,

size,4.06.1+multicore+bench,,4.06.1+multicore+no-effect-syntax+bench,,4.06.1+multicore+scheduling+bench,,4.06.1+multicore-lazy+bench,,4.06.1+scheduling+bench,,4.06.1+trunk+bench,,4.08.0+optim_local_tailcalls+bench,,4.08.0+optim_local_tailcalls+flambda+bench,,4.08.0+trunk+bench,,4.08.0+trunk+flambda+bench,
almabench,788831.,0.,792024.,0.,792024.,0.,793076.,0.,722528.,0.,722441.,0.,760441.,0.,965055.,0.,761233.,0.,966895.,0.
bdd,821388.,0.,824677.,0.,824677.,0.,825729.,0.,748629.,0.,748542.,0.,789925.,0.,1011853.,0.,791216.,0.,1014274.,0.
cpdf-merge,5405260.,0.,5425968.,0.,5425968.,0.,5429569.,0.,4915026.,0.,4914923.,0.,4970687.,0.,6019405.,0.,4983733.,0.,6129294.,0.
cpdf-reformat,5405260.,0.,5425968.,0.,5425968.,0.,5429569.,0.,4915026.,0.,4914923.,0.,4970687.,0.,6019405.,0.,4983733.,0.,6129294.,0.
cpdf-squeeze,5405260.,0.,5425968.,0.,5425968.,0.,5429569.,0.,4915026.,0.,4914923.,0.,4970687.,0.,6019405.,0.,4983733.,0.,6129294.,0.
cpdf-transform,5405260.,0.,5425968.,0.,5425968.,0.,5429569.,0.,4915026.,0.,4914923.,0.,4970687.,0.,6019405.,0.,4983733.,0.,6129294.,0.
jsontrip-sample,1647119.,0.,1656979.,0.,1656979.,0.,1659572.,0.,1406280.,0.,1406209.,0.,,,,,,,,
kb,860557.,0.,863622.,0.,863622.,0.,864674.,0.,787718.,0.,787631.,0.,828564.,0.,1064861.,0.,829320.,0.,1066701.,0.
kb-no-exc,864516.,0.,867613.,0.,867613.,0.,868665.,0.,791477.,0.,791390.,0.,832274.,0.,1069915.,0.,833062.,0.,1071755.,0.
lexifi-g2pp,997383.,0.,1001736.,0.,1001736.,0.,1002788.,0.,902422.,0.,902335.,0.,954804.,0.,1259527.,0.,958465.,0.,1266808.,0.
menhir-fancy,4078245.,0.,3971819.,0.,3971819.,0.,4100394.,0.,3274604.,0.,3383531.,0.,,,,,,,,
menhir-list-errors,4078245.,0.,3971819.,0.,,,4100394.,0.,,,3383531.,0.,,,,,,,,
menhir-sql,4078245.,0.,3971819.,0.,3971819.,0.,4100394.,0.,3274604.,0.,3383531.,0.,,,,,,,,
menhir-standard,4078245.,0.,3971819.,0.,3971819.,0.,4100394.,0.,3274604.,0.,3383531.,0.,,,,,,,,
menhir-sysver,4078245.,0.,3971819.,0.,,,4100394.,0.,,,3383531.,0.,,,,,,,,
minilight,1607492.,0.,1615920.,0.,1615920.,0.,1618545.,0.,1337413.,0.,1337342.,0.,1400997.,0.,1746063.,0.,1403748.,0.,1753489.,0.
numal-durand-kerner-aberth,948692.,0.,953621.,0.,953621.,0.,954673.,0.,844509.,0.,844422.,0.,912359.,0.,1196153.,0.,913771.,0.,1203622.,0.
numal-fft,817888.,0.,821121.,0.,821121.,0.,822173.,0.,746113.,0.,746026.,0.,787318.,0.,1010173.,0.,788990.,0.,1012953.,0.
numal-k-means,13407038.,0.,13645391.,0.,13645391.,0.,13646443.,0.,8398807.,0.,8398720.,0.,8699854.,0.,14041459.,0.,8701439.,0.,14049122.,0.
numal-levinson-durbin,538181.,0.,539542.,0.,539542.,0.,540594.,0.,503338.,0.,503251.,0.,533241.,0.,579676.,0.,532768.,0.,578123.,0.
numal-lu-decomposition,1502680.,0.,1529305.,0.,1529305.,0.,1530357.,0.,1210873.,0.,1210786.,0.,1278523.,0.,1821535.,0.,1279935.,0.,1829067.,0.
numal-naive-multilayer,1217025.,0.,1225322.,0.,1225322.,0.,1226374.,0.,1074920.,0.,1074833.,0.,1144137.,0.,1444072.,0.,1146472.,0.,1452420.,0.
numal-qr-decomposition,1019826.,0.,1025499.,0.,1025499.,0.,1026551.,0.,918819.,0.,918732.,0.,986606.,0.,1257615.,0.,987875.,0.,1264972.,0.
numal-rnd_access,514795.,0.,517388.,0.,517388.,0.,518440.,0.,458110.,0.,458023.,0.,510483.,0.,614613.,0.,511226.,0.,613699.,0.
numal-simple_access,422158.,0.,423471.,0.,423471.,0.,424523.,0.,387771.,0.,387684.,0.,417702.,0.,462372.,0.,417197.,0.,461843.,0.
patdiff,,,,,,,,,18398582.,0.,18406233.,0.,,,,,,,,
sequence,951582.,0.,953978.,0.,953978.,0.,956587.,0.,859450.,0.,859363.,0.,909161.,0.,1181108.,0.,910928.,0.,1191405.,0.
sequence-cps,766168.,0.,768825.,0.,768825.,0.,769877.,0.,704281.,0.,704194.,0.,742309.,0.,950660.,0.,743098.,0.,952500.,0.
setrip,1361865.,0.,1368581.,0.,1368581.,0.,1371206.,0.,1168042.,0.,1167971.,0.,,,,,,,,
setrip-smallbuf,1361865.,0.,1368581.,0.,1368581.,0.,1371206.,0.,1168042.,0.,1167971.,0.,,,,,,,,

code_size,4.06.1+multicore+bench,,4.06.1+multicore+no-effect-syntax+bench,,4.06.1+multicore+scheduling+bench,,4.06.1+multicore-lazy+bench,,4.06.1+scheduling+bench,,4.06.1+trunk+bench,,4.08.0+optim_local_tailcalls+bench,,4.08.0+optim_local_tailcalls+flambda+bench,,4.08.0+trunk+bench,,4.08.0+trunk+flambda+bench,
almabench,602887.,0.,606068.,0.,606068.,0.,607096.,0.,528172.,0.,528085.,0.,561037.,0.,750659.,0.,562149.,0.,751347.,0.
bdd,634868.,0.,638145.,0.,638145.,0.,639173.,0.,554433.,0.,554346.,0.,590329.,0.,791601.,0.,591876.,0.,792774.,0.
cpdf-merge,3548800.,0.,3570136.,0.,3570136.,0.,3573073.,0.,3124170.,0.,3124099.,0.,3169975.,0.,4199293.,0.,3181869.,0.,4303550.,0.
cpdf-reformat,3548800.,0.,3570136.,0.,3570136.,0.,3573073.,0.,3124170.,0.,3124099.,0.,3169975.,0.,4199293.,0.,3181869.,0.,4303550.,0.
cpdf-squeeze,3548800.,0.,3570136.,0.,3570136.,0.,3573073.,0.,3124170.,0.,3124099.,0.,3169975.,0.,4199293.,0.,3181869.,0.,4303550.,0.
cpdf-transform,3548800.,0.,3570136.,0.,3570136.,0.,3573073.,0.,3124170.,0.,3124099.,0.,3169975.,0.,4199293.,0.,3181869.,0.,4303550.,0.
jsontrip-sample,1277779.,0.,1288011.,0.,1288011.,0.,1290196.,0.,1061560.,0.,1061489.,0.,,,,,,,,
kb,664629.,0.,667682.,0.,667682.,0.,668710.,0.,583570.,0.,583483.,0.,619016.,0.,834177.,0.,620124.,0.,834865.,0.
kb-no-exc,667852.,0.,670937.,0.,670937.,0.,671965.,0.,586625.,0.,586538.,0.,622054.,0.,838527.,0.,623162.,0.,839215.,0.
lexifi-g2pp,764079.,0.,768420.,0.,768420.,0.,769448.,0.,664514.,0.,664427.,0.,710536.,0.,990923.,0.,714101.,0.,996188.,0.
menhir-fancy,2998977.,0.,2938139.,0.,2938139.,0.,3021058.,0.,2371292.,0.,2438299.,0.,,,,,,,,
menhir-list-errors,2998977.,0.,2938139.,0.,,,3021058.,0.,,,2438299.,0.,,,,,,,,
menhir-sql,2998977.,0.,2938139.,0.,2938139.,0.,3021058.,0.,2371292.,0.,2438299.,0.,,,,,,,,
menhir-standard,2998977.,0.,2938139.,0.,2938139.,0.,3021058.,0.,2371292.,0.,2438299.,0.,,,,,,,,
menhir-sysver,2998977.,0.,2938139.,0.,,,3021058.,0.,,,2438299.,0.,,,,,,,,
minilight,1252552.,0.,1261384.,0.,1261384.,0.,1263569.,0.,1014229.,0.,1014158.,0.,1069397.,0.,1395391.,0.,1072052.,0.,1399841.,0.
numal-durand-kerner-aberth,739036.,0.,743953.,0.,743953.,0.,744981.,0.,634409.,0.,634322.,0.,693275.,0.,950109.,0.,694943.,0.,955370.,0.
numal-fft,632968.,0.,636189.,0.,636189.,0.,637217.,0.,553325.,0.,553238.,0.,589130.,0.,791649.,0.,590994.,0.,793117.,0.
numal-k-means,10767654.,0.,11005995.,0.,11005995.,0.,11007023.,0.,7160195.,0.,7160108.,0.,7452258.,0.,10994423.,0.,7454099.,0.,10999846.,0.
numal-levinson-durbin,331629.,0.,332978.,0.,332978.,0.,334006.,0.,283830.,0.,283743.,0.,310157.,0.,353168.,0.,310004.,0.,351935.,0.
numal-lu-decomposition,1118848.,0.,1145461.,0.,1145461.,0.,1146489.,0.,891973.,0.,891886.,0.,950607.,0.,1161987.,0.,952307.,0.,1167279.,0.
numal-naive-multilayer,865921.,0.,874206.,0.,874206.,0.,875234.,0.,733420.,0.,733333.,0.,792917.,0.,1078788.,0.,795252.,0.,1084672.,0.
numal-qr-decomposition,753690.,0.,759351.,0.,759351.,0.,760379.,0.,652015.,0.,651928.,0.,710818.,0.,958739.,0.,712343.,0.,963856.,0.
numal-rnd_access,402867.,0.,405448.,0.,405448.,0.,406476.,0.,336426.,0.,336339.,0.,381383.,0.,478473.,0.,382222.,0.,477623.,0.
numal-simple_access,329526.,0.,330827.,0.,330827.,0.,331855.,0.,282055.,0.,281968.,0.,308378.,0.,349496.,0.,308225.,0.,349287.,0.
patdiff,,,,,,,,,14145694.,0.,14151857.,0.,,,,,,,,
sequence,740006.,0.,742774.,0.,742774.,0.,744975.,0.,643206.,0.,643119.,0.,686589.,0.,934872.,0.,688548.,0.,943857.,0.
sequence-cps,591136.,0.,593781.,0.,593781.,0.,594809.,0.,519461.,0.,519374.,0.,552441.,0.,741896.,0.,553550.,0.,742584.,0.
setrip,1061165.,0.,1068285.,0.,1068285.,0.,1070470.,0.,882298.,0.,882227.,0.,,,,,,,,
setrip-smallbuf,1061165.,0.,1068285.,0.,1068285.,0.,1070470.,0.,882298.,0.,882227.,0.,,,,,,,,

data_size,4.06.1+multicore+bench,,4.06.1+multicore+no-effect-syntax+bench,,4.06.1+multicore+scheduling+bench,,4.06.1+multicore-lazy+bench,,4.06.1+scheduling+bench,,4.06.1+trunk+bench,,4.08.0+optim_local_tailcalls+bench,,4.08.0+optim_local_tailcalls+flambda+bench,,4.08.0+trunk+bench,,4.08.0+trunk+flambda+bench,
almabench,185944.,0.,185956.,0.,185956.,0.,185980.,0.,194356.,0.,194356.,0.,199404.,0.,214396.,0.,199084.,0.,215548.,0.
bdd,186520.,0.,186532.,0.,186532.,0.,186556.,0.,194196.,0.,194196.,0.,199596.,0.,220252.,0.,199340.,0.,221500.,0.
cpdf-merge,1856460.,0.,1855832.,0.,1855832.,0.,1856496.,0.,1790856.,0.,1790824.,0.,1800712.,0.,1820112.,0.,1801864.,0.,1825744.,0.
cpdf-reformat,1856460.,0.,1855832.,0.,1855832.,0.,1856496.,0.,1790856.,0.,1790824.,0.,1800712.,0.,1820112.,0.,1801864.,0.,1825744.,0.
cpdf-squeeze,1856460.,0.,1855832.,0.,1855832.,0.,1856496.,0.,1790856.,0.,1790824.,0.,1800712.,0.,1820112.,0.,1801864.,0.,1825744.,0.
cpdf-transform,1856460.,0.,1855832.,0.,1855832.,0.,1856496.,0.,1790856.,0.,1790824.,0.,1800712.,0.,1820112.,0.,1801864.,0.,1825744.,0.
jsontrip-sample,369340.,0.,368968.,0.,368968.,0.,369376.,0.,344720.,0.,344720.,0.,,,,,,,,
kb,195928.,0.,195940.,0.,195940.,0.,195964.,0.,204148.,0.,204148.,0.,209548.,0.,230684.,0.,209196.,0.,231836.,0.
kb-no-exc,196664.,0.,196676.,0.,196676.,0.,196700.,0.,204852.,0.,204852.,0.,210220.,0.,231388.,0.,209900.,0.,232540.,0.
lexifi-g2pp,233304.,0.,233316.,0.,233316.,0.,233340.,0.,237908.,0.,237908.,0.,244268.,0.,268604.,0.,244364.,0.,270620.,0.
menhir-fancy,1079268.,0.,1033680.,0.,1033680.,0.,1079336.,0.,903312.,0.,945232.,0.,,,,,,,,
menhir-list-errors,1079268.,0.,1033680.,0.,,,1079336.,0.,,,945232.,0.,,,,,,,,
menhir-sql,1079268.,0.,1033680.,0.,1033680.,0.,1079336.,0.,903312.,0.,945232.,0.,,,,,,,,
menhir-standard,1079268.,0.,1033680.,0.,1033680.,0.,1079336.,0.,903312.,0.,945232.,0.,,,,,,,,
menhir-sysver,1079268.,0.,1033680.,0.,,,1079336.,0.,,,945232.,0.,,,,,,,,
minilight,354940.,0.,354536.,0.,354536.,0.,354976.,0.,323184.,0.,323184.,0.,331600.,0.,350672.,0.,331696.,0.,353648.,0.
numal-durand-kerner-aberth,209656.,0.,209668.,0.,209668.,0.,209692.,0.,210100.,0.,210100.,0.,219084.,0.,246044.,0.,218828.,0.,248252.,0.
numal-fft,184920.,0.,184932.,0.,184932.,0.,184956.,0.,192788.,0.,192788.,0.,198188.,0.,218524.,0.,197996.,0.,219836.,0.
numal-k-means,2639384.,0.,2639396.,0.,2639396.,0.,2639420.,0.,1238612.,0.,1238612.,0.,1247596.,0.,3047036.,0.,1247340.,0.,3049276.,0.
numal-levinson-durbin,206552.,0.,206564.,0.,206564.,0.,206588.,0.,219508.,0.,219508.,0.,223084.,0.,226508.,0.,222764.,0.,226188.,0.
numal-lu-decomposition,383832.,0.,383844.,0.,383844.,0.,383868.,0.,318900.,0.,318900.,0.,327916.,0.,659548.,0.,327628.,0.,661788.,0.
numal-naive-multilayer,351104.,0.,351116.,0.,351116.,0.,351140.,0.,341500.,0.,341500.,0.,351220.,0.,365284.,0.,351220.,0.,367748.,0.
numal-qr-decomposition,266136.,0.,266148.,0.,266148.,0.,266172.,0.,266804.,0.,266804.,0.,275788.,0.,298876.,0.,275532.,0.,301116.,0.
numal-rnd_access,111928.,0.,111940.,0.,111940.,0.,111964.,0.,121684.,0.,121684.,0.,129100.,0.,136140.,0.,129004.,0.,136076.,0.
numal-simple_access,92632.,0.,92644.,0.,92644.,0.,92668.,0.,105716.,0.,105716.,0.,109324.,0.,112876.,0.,108972.,0.,112556.,0.
patdiff,,,,,,,,,4252888.,0.,4254376.,0.,,,,,,,,
sequence,211576.,0.,211204.,0.,211204.,0.,211612.,0.,216244.,0.,216244.,0.,222572.,0.,246236.,0.,222380.,0.,247548.,0.
sequence-cps,175032.,0.,175044.,0.,175044.,0.,175068.,0.,184820.,0.,184820.,0.,189868.,0.,208764.,0.,189548.,0.,209916.,0.
setrip,300700.,0.,300296.,0.,300296.,0.,300736.,0.,285744.,0.,285744.,0.,,,,,,,,
setrip-smallbuf,300700.,0.,300296.,0.,300296.,0.,300736.,0.,285744.,0.,285744.,0.,,,,,,,,

minor_words,4.06.1+multicore+bench,,4.06.1+multicore+no-effect-syntax+bench,,4.06.1+multicore+scheduling+bench,,4.06.1+multicore-lazy+bench,,4.06.1+scheduling+bench,,4.06.1+trunk+bench,,4.08.0+optim_local_tailcalls+bench,,4.08.0+optim_local_tailcalls+flambda+bench,,4.08.0+trunk+bench,,4.08.0+trunk+flambda+bench,
almabench,1499296.,0.,1499328.,0.,1499312.,0.,1499296.,0.,11689156.,0.,11689154.,0.,11689158.,0.,11688432.,0.,11689154.,0.,11688428.,0.
bdd,78092088.,0.,78092092.,0.,78092090.,0.,78092088.,0.,76776821.,0.,76776856.,0.,76776860.,0.,76776837.,0.,76776856.,0.,76776838.,0.
cpdf-merge,191149194.,0.,190387747.,nan,186168648.,nan,190625002.,nan,197536374.,0.,197535883.,0.,197512844.,0.,194039688.,0.,197536139.,0.,194062300.,0.
cpdf-reformat,444797341.,0.,444797447.,nan,444797388.,nan,444797389.,nan,448744298.,0.,448744421.,0.,448708830.,0.,445457914.,0.,448739467.,0.,445488709.,0.
cpdf-squeeze,396486413.,0.,386787517.,0.,386787458.,0.,387311743.,0.,403639849.,0.,403639819.,0.,403616605.,0.,397933274.,0.,403639790.,0.,397956120.,0.
cpdf-transform,55783254.,0.,55783392.,0.,55783336.,0.,55783303.,0.,55760133.,0.,55760053.,0.,55760222.,0.,55750889.,0.,55760196.,0.,55750868.,0.
jsontrip-sample,5117574.,0.,5117396.,0.,5117393.,0.,5117681.,0.,7160787.,0.,7160780.,0.,,,,,,,,
kb,90482164.,0.,91006978.,0.,90482693.,0.,90220024.,0.,90578338.,0.,90578323.,0.,90578339.,0.,89494743.,0.,90578317.,0.,89494742.,0.
kb-no-exc,37609470.,0.,37609474.,nan,37609474.,nan,37609472.,nan,37503345.,0.,37503337.,0.,37503321.,0.,36419762.,0.,37503350.,0.,36419760.,0.
lexifi-g2pp,1583340397.,0.,1583340401.,0.,1579408257.,0.,1583340397.,0.,1678613139.,0.,1678613459.,0.,1648192076.,0.,1618343020.,0.,1678612885.,0.,1702512033.,0.
menhir-fancy,1326361.,0.,1359673.,0.,1359670.,0.,1326374.,0.,2238238.,0.,2252494.,0.,,,,,,,,
menhir-list-errors,2358725669.,185363.800047,2407885033.,nan,,,2358594603.,nan,,,2504368136.,0.,,,,,,,,
menhir-sql,1007379332.,0.,1007629243.,nan,1007629239.,nan,1007379335.,nan,1032167599.,0.,1032897635.,0.,,,,,,,,
menhir-standard,2605961.,0.,2585280.,0.,2585276.,0.,2605974.,0.,1432106.,0.,1453118.,0.,,,,,,,,
menhir-sysver,8157054527.,0.,8153522224.,nan,,,8157054740.,nan,,,8344118404.,0.,,,,,,,,
minilight,9661334692.,0.,9661072537.,0.,9665266779.,0.,9661334695.,0.,9747431709.,0.,9747431685.,0.,9747433377.,0.,10853505074.,0.,9747433683.,0.,10853505070.,0.
numal-durand-kerner-aberth,76667112.,0.,76667116.,0.,76667114.,0.,76667114.,0.,77414765.,0.,77414786.,0.,77414908.,0.,77416343.,0.,77414908.,0.,77416343.,0.
numal-fft,274390355.,0.,274390359.,0.,274390357.,0.,274390355.,0.,264242360.,0.,264242358.,0.,264242356.,0.,264242334.,0.,264242364.,0.,264242342.,0.
numal-k-means,2563546.,0.,2563666.,0.,2563666.,0.,2563548.,0.,102494197.,0.,102494197.,0.,102494331.,0.,102143533.,0.,102494343.,0.,102143535.,0.
numal-levinson-durbin,964969369.,0.,964969373.,0.,964969373.,0.,964969371.,0.,1000786333.,0.,1000784001.,0.,1000783993.,0.,1000783986.,0.,1000784001.,0.,1000783990.,0.
numal-lu-decomposition,2318857.,0.,2318863.,0.,2318861.,0.,2318859.,0.,542217441.,0.,542217436.,0.,542217602.,0.,541618597.,0.,542217602.,0.,541618598.,0.
numal-naive-multilayer,2163946621.,0.,2169189502.,0.,2163946625.,0.,2163946623.,0.,2170639393.,0.,2170639423.,0.,2170639679.,0.,1881752973.,0.,2170639705.,0.,1881753203.,0.
numal-qr-decomposition,1645825049.,0.,1645562912.,0.,1645562910.,0.,1646087194.,0.,1711440719.,0.,1711440705.,0.,1711440862.,0.,1711433741.,0.,1711440858.,0.,1711433726.,0.
numal-rnd_access,2027032.,71140.5990416,1939404.,81485.6626407,1293732.66667,1097406.77277,1291885.33333,1117826.71388,200003742.571,14831.3726816,200008194.,7279.91401048,199996806.,16750.4703218,199990036.,5712.00857842,200014705.,30353.2656892,199996974.,380.423448278
numal-simple_access,227632417.,0.,227632421.,0.,227632419.,0.,227632419.,0.,640006197.,0.,640006201.,0.,640006207.,0.,640006190.,0.,640006203.,0.,640006186.,0.
patdiff,,,,,,,,,36596917.,0.,36596868.,0.,,,,,,,,
sequence,749670771.,0.,749670793.,0.,749670770.,0.,749670771.,0.,750492639.,0.,750492812.,0.,750492773.,0.,750373015.,0.,750492768.,0.,750373023.,0.
sequence-cps,1502243945.,0.,1502243949.,0.,1502243949.,0.,1502243947.,0.,1501298736.,0.,1501299851.,0.,1501298438.,0.,1501094439.,0.,1501298127.,0.,1501095793.,0.
setrip,161912275.,0.,169514388.,0.,169514388.,0.,161912277.,0.,170650262.,0.,170650322.,0.,,,,,,,,
setrip-smallbuf,161388306.,0.,171087555.,0.,171087555.,0.,161388492.,0.,170650237.,0.,170650267.,0.,,,,,,,,

major_words,4.06.1+multicore+bench,,4.06.1+multicore+no-effect-syntax+bench,,4.06.1+multicore+scheduling+bench,,4.06.1+multicore-lazy+bench,,4.06.1+scheduling+bench,,4.06.1+trunk+bench,,4.08.0+optim_local_tailcalls+bench,,4.08.0+optim_local_tailcalls+flambda+bench,,4.08.0+trunk+bench,,4.08.0+trunk+flambda+bench,
almabench,975.,0.,981.,0.,979.,0.,975.,0.,941.,0.,939.,0.,943.,0.,224.,0.,939.,0.,220.,0.
bdd,583194.,0.,583198.,0.,583196.,0.,583194.,0.,616827.,0.,664841.,0.,664827.,0.,664843.,0.,664841.,0.,664827.,0.
cpdf-merge,91785986.,0.,91601903.,nan,90412572.,nan,91649135.,nan,94605527.,0.,95303277.,0.,95179520.,0.,95032321.,0.,95280554.,0.,95129105.,0.
cpdf-reformat,75226887.,0.,75226803.,nan,75226835.,nan,75226856.,nan,76049963.,0.,75793761.,0.,76042049.,0.,74354824.,0.,76385347.,0.,74866165.,0.
cpdf-squeeze,135732481.,0.,132492385.,0.,132492420.,0.,132687652.,0.,138741284.,0.,138739074.,0.,138608340.,0.,138689563.,0.,138135456.,0.,139034401.,0.
cpdf-transform,28027037.,0.,28027020.,0.,28027018.,0.,28027040.,0.,27860239.,0.,27953626.,0.,27819392.,0.,27817534.,0.,27819387.,0.,27817538.,0.
jsontrip-sample,26489.,0.,26481.,0.,26478.,0.,26499.,0.,29441.,0.,29376.,0.,,,,,,,,
kb,4817857.,0.,4851134.,0.,4817598.,0.,4807082.,0.,4908177.,0.,4873136.,0.,4890970.,0.,4893652.,0.,4862668.,0.,4893632.,0.
kb-no-exc,4644408.,0.,4644391.,nan,4644391.,nan,4644410.,nan,4671664.,0.,4699054.,0.,4683094.,0.,4733137.,0.,4683063.,0.,4733147.,0.
lexifi-g2pp,266462.,0.,266466.,0.,265899.,0.,266462.,0.,280169.,0.,278186.,0.,182360.,0.,150396.,0.,278138.,0.,270176.,0.
menhir-fancy,274619.,0.,272105.,0.,272102.,0.,274624.,0.,328731.,0.,327372.,0.,,,,,,,,
menhir-list-errors,1131348809.5,6919.03985391,1136597006.,nan,,,1131343923.,nan,,,1147848128.,0.,,,,,,,,
menhir-sql,55346570.,0.,55248638.,nan,55248631.,nan,55346591.,nan,56164943.,0.,56283330.,0.,,,,,,,,
menhir-standard,245302.,0.,242342.,0.,242338.,0.,245307.,0.,271961.,0.,278328.,0.,,,,,,,,
menhir-sysver,434543191.,0.,435451292.,nan,,,434543188.,nan,,,441956050.,0.,,,,,,,,
minilight,10554009.,0.,10553812.,0.,10557519.,0.,10554001.,0.,10642310.,0.,10641824.,0.,10638449.,0.,11022785.,0.,10639362.,0.,11022776.,0.
numal-durand-kerner-aberth,227974.,0.,227971.,0.,227979.,0.,227979.,0.,237996.,0.,227630.,0.,245176.,0.,236540.,0.,245176.,0.,236540.,0.
numal-fft,139784459.,0.,139784463.,0.,139784461.,0.,139784459.,0.,140022140.,0.,140272143.,0.,140272138.,0.,140272129.,0.,140272146.,0.,140272137.,0.
numal-k-means,526355.,0.,526364.,0.,526364.,0.,526357.,0.,536219.,0.,536219.,0.,536347.,0.,185924.,0.,536343.,0.,185924.,0.
numal-levinson-durbin,240820090.,0.,240820094.,0.,240820094.,0.,240820088.,0.,250070736.,0.,250064165.,0.,250064197.,0.,250050105.,0.,250064165.,0.,250050089.,0.
numal-lu-decomposition,4624733.,0.,4624734.,0.,4624732.,0.,4624730.,0.,7775146.,0.,7775111.,0.,7775200.,0.,7716864.,0.,7775199.,0.,7716865.,0.
numal-naive-multilayer,1256512.,0.,1259640.,0.,1256522.,0.,1256500.,0.,1284119.,0.,1282790.,0.,1285571.,0.,1662859.,0.,1289262.,0.,1669706.,0.
numal-qr-decomposition,2594693.,0.,2594492.,0.,2594502.,0.,2594976.,0.,2682974.,0.,2693569.,0.,2694084.,0.,2688842.,0.,2694078.,0.,2687982.,0.
numal-rnd_access,200000215.,0.,200000219.,0.,200000217.,0.,200000215.,0.,200000141.,0.,200000139.,0.,200000147.,0.,200000129.,0.,200000143.,0.,200000125.,0.
numal-simple_access,208961133.,0.,208961137.,0.,208961135.,0.,208961135.,0.,220001889.,0.,220001887.,0.,220001891.,0.,220012845.,0.,220001887.,0.,220012841.,0.
patdiff,,,,,,,,,8896447.,0.,9210059.,0.,,,,,,,,
sequence,37289.,0.,37284.,0.,37288.,0.,37289.,0.,37749.,0.,38258.,0.,38070.,0.,39408.,0.,38118.,0.,35908.,0.
sequence-cps,201397.,0.,201401.,0.,201401.,0.,201399.,0.,214872.,0.,222795.,0.,220769.,0.,264287.,0.,223355.,0.,262082.,0.
setrip,13030.,0.,13231.,0.,13231.,0.,13034.,0.,13279.,0.,13269.,0.,,,,,,,,
setrip-smallbuf,13058.,0.,13317.,0.,13317.,0.,13054.,0.,13279.,0.,13241.,0.,,,,,,,,

promoted_words,4.06.1+multicore+bench,,4.06.1+multicore+no-effect-syntax+bench,,4.06.1+multicore+scheduling+bench,,4.06.1+multicore-lazy+bench,,4.06.1+scheduling+bench,,4.06.1+trunk+bench,,4.08.0+optim_local_tailcalls+bench,,4.08.0+optim_local_tailcalls+flambda+bench,,4.08.0+trunk+bench,,4.08.0+trunk+flambda+bench,
almabench,897.,0.,903.,0.,901.,0.,897.,0.,941.,0.,939.,0.,943.,0.,224.,0.,939.,0.,220.,0.
bdd,444232.,0.,444236.,0.,444234.,0.,444232.,0.,477943.,0.,525957.,0.,525943.,0.,525959.,0.,525957.,0.,525943.,0.
cpdf-merge,81093935.,0.,81102937.,nan,81048705.,nan,81088137.,nan,82892080.,0.,83597842.,0.,83474085.,0.,83318874.,0.,83575119.,0.,83423670.,0.
cpdf-reformat,64637393.,0.,64637309.,nan,64637341.,nan,64637362.,nan,65460559.,0.,65204357.,0.,65452645.,0.,63765420.,0.,65795943.,0.,64276761.,0.
cpdf-squeeze,121016094.,0.,120753073.,0.,120753108.,0.,120879420.,0.,123070655.,0.,123068445.,0.,122937711.,0.,123018934.,0.,122464827.,0.,123363772.,0.
cpdf-transform,26097018.,0.,26097001.,0.,26096999.,0.,26097021.,0.,25930310.,0.,26023697.,0.,25889463.,0.,25887605.,0.,25889458.,0.,25887609.,0.
jsontrip-sample,10015.,0.,10007.,0.,10004.,0.,10025.,0.,13053.,0.,12988.,0.,,,,,,,,
kb,4817779.,0.,4851056.,0.,4817520.,0.,4807004.,0.,4908177.,0.,4873136.,0.,4890970.,0.,4893652.,0.,4862668.,0.,4893632.,0.
kb-no-exc,4644330.,0.,4644313.,nan,4644313.,nan,4644332.,nan,4671664.,0.,4699054.,0.,4683094.,0.,4733137.,0.,4683063.,0.,4733147.,0.
lexifi-g2pp,266384.,0.,266388.,0.,265821.,0.,266384.,0.,280169.,0.,278186.,0.,182360.,0.,150396.,0.,278138.,0.,270176.,0.
menhir-fancy,143167.,0.,140835.,0.,140832.,0.,143172.,0.,179489.,0.,177892.,0.,,,,,,,,
menhir-list-errors,411874208.5,6919.03985391,417115774.,nan,,,411869322.,nan,,,427712924.,0.,,,,,,,,
menhir-sql,45685452.,0.,45544086.,nan,45544079.,nan,45685473.,nan,46172576.,0.,46288471.,0.,,,,,,,,
menhir-standard,108801.,0.,106023.,0.,106019.,0.,108806.,0.,123373.,0.,129502.,0.,,,,,,,,
menhir-sysver,323522731.,0.,324378418.,nan,,,323522732.,nan,,,329358204.,0.,,,,,,,,
minilight,10537205.,0.,10537008.,0.,10540715.,0.,10537197.,0.,10625592.,0.,10625106.,0.,10621731.,0.,11006067.,0.,10622644.,0.,11006058.,0.
numal-durand-kerner-aberth,227896.,0.,227893.,0.,227901.,0.,227901.,0.,237996.,0.,227630.,0.,245176.,0.,236540.,0.,245176.,0.,236540.,0.
numal-fft,134541495.,0.,134541499.,0.,134541497.,0.,134541495.,0.,134779254.,0.,135029257.,0.,135029252.,0.,135029243.,0.,135029260.,0.,135029251.,0.
numal-k-means,351080.,0.,351089.,0.,351089.,0.,351082.,0.,361022.,0.,361022.,0.,361150.,0.,10727.,0.,361146.,0.,10727.,0.
numal-levinson-durbin,33716.,0.,33720.,0.,33720.,0.,33714.,0.,47317.,0.,40746.,0.,40778.,0.,40840.,0.,40746.,0.,40824.,0.
numal-lu-decomposition,156739.,0.,156740.,0.,156738.,0.,156736.,0.,297668.,0.,297633.,0.,297722.,0.,239386.,0.,297721.,0.,239387.,0.
numal-naive-multilayer,1256082.,0.,1259210.,0.,1256092.,0.,1256070.,0.,1283767.,0.,1282438.,0.,1285219.,0.,1662507.,0.,1288910.,0.,1669354.,0.
numal-qr-decomposition,2594615.,0.,2594414.,0.,2594424.,0.,2594898.,0.,2682974.,0.,2693569.,0.,2694084.,0.,2688842.,0.,2694078.,0.,2687982.,0.
numal-rnd_access,136.,0.,140.,0.,138.,0.,136.,0.,140.,0.,138.,0.,146.,0.,128.,0.,142.,0.,124.,0.
numal-simple_access,188961054.,0.,188961058.,0.,188961056.,0.,188961056.,0.,200001888.,0.,200001886.,0.,200001890.,0.,200012844.,0.,200001886.,0.,200012840.,0.
patdiff,,,,,,,,,6522407.,0.,6836019.,0.,,,,,,,,
sequence,37211.,0.,37206.,0.,37210.,0.,37211.,0.,37749.,0.,38258.,0.,38070.,0.,39408.,0.,38118.,0.,35908.,0.
sequence-cps,201319.,0.,201323.,0.,201323.,0.,201321.,0.,214872.,0.,222795.,0.,220769.,0.,264287.,0.,223355.,0.,262082.,0.
setrip,4751.,0.,4952.,0.,4952.,0.,4755.,0.,5086.,0.,5076.,0.,,,,,,,,
setrip-smallbuf,4779.,0.,5038.,0.,5038.,0.,4775.,0.,5086.,0.,5048.,0.,,,,,,,,

top_heap_words,4.06.1+multicore+bench,,4.06.1+multicore+no-effect-syntax+bench,,4.06.1+multicore+scheduling+bench,,4.06.1+multicore-lazy+bench,,4.06.1+scheduling+bench,,4.06.1+trunk+bench,,4.08.0+optim_local_tailcalls+bench,,4.08.0+optim_local_tailcalls+flambda+bench,,4.08.0+trunk+bench,,4.08.0+trunk+flambda+bench,
almabench,36864.,0.,32768.,0.,32768.,0.,36864.,0.,491520.,0.,491520.,0.,491520.,0.,491520.,0.,491520.,0.,491520.,0.
bdd,573081.,0.,573081.,0.,573081.,0.,573081.,0.,565248.,0.,650240.,0.,650240.,0.,650240.,0.,650240.,0.,650240.,0.
cpdf-merge,43087817.,0.,42903778.,nan,41250573.,nan,42956640.,nan,49650688.,0.,43174400.,0.,45316096.,0.,45316096.,0.,45316096.,0.,45316096.,0.
cpdf-reformat,30748513.,0.,30736225.,nan,30748513.,nan,30748513.,nan,32645632.,0.,28387328.,0.,29795328.,0.,34265088.,0.,34265088.,0.,34265088.,0.
cpdf-squeeze,41789455.,0.,39037390.,0.,39037390.,0.,39037649.,0.,43174400.,0.,37542912.,0.,45316096.,0.,39405056.,0.,34265088.,0.,45316096.,0.
cpdf-transform,15729863.,0.,15729863.,0.,15729863.,0.,15729863.,0.,19150848.,0.,14480384.,0.,14480384.,0.,14480384.,0.,14480384.,0.,14480384.,0.
jsontrip-sample,94607.,0.,94607.,0.,94607.,0.,90511.,0.,565248.,0.,491520.,0.,,,,,,,,
kb,442368.,0.,446464.,0.,446464.,0.,446464.,0.,587264.,0.,565248.,0.,565248.,0.,565248.,0.,565248.,0.,565248.,0.
kb-no-exc,507904.,0.,507904.,nan,507904.,nan,507904.,nan,628224.,0.,646656.,0.,646656.,0.,566272.,0.,646656.,0.,566272.,0.
lexifi-g2pp,156643.,0.,156643.,0.,152547.,0.,156643.,0.,593408.,0.,593408.,0.,593408.,0.,593408.,0.,593408.,0.,593408.,0.
menhir-fancy,358034.,0.,357664.,0.,357664.,0.,358034.,0.,491520.,0.,491520.,0.,,,,,,,,
menhir-list-errors,399436260.,23170.4750059,399731040.,nan,,,399452644.,nan,,,704860160.,0.,,,,,,,,
menhir-sql,49089295.,0.,48188043.,nan,48192139.,nan,48282383.,nan,49650688.,0.,37542912.,0.,,,,,,,,
menhir-standard,328444.,0.,323978.,0.,323978.,0.,328444.,0.,491520.,0.,491520.,0.,,,,,,,,
menhir-sysver,93400447.,0.,94239995.,nan,,,93400447.,nan,,,91529728.,0.,,,,,,,,
minilight,1106522.,0.,1106522.,0.,1106522.,0.,1106522.,0.,860672.,0.,748032.,0.,748032.,0.,748032.,0.,748032.,0.,748032.,0.
numal-durand-kerner-aberth,49152.,0.,45056.,0.,49152.,0.,49152.,0.,565248.,0.,565248.,0.,565248.,0.,565248.,0.,565248.,0.,565248.,0.
numal-fft,55193618.,0.,55193618.,0.,55197714.,0.,55193618.,0.,85220352.,0.,129609728.,0.,129609728.,0.,129609728.,0.,129609728.,0.,129609728.,0.
numal-k-means,560227.,0.,564323.,0.,564323.,0.,564323.,0.,596992.,0.,596992.,0.,596992.,0.,491520.,0.,596992.,0.,491520.,0.
numal-levinson-durbin,18155498.,0.,18155498.,0.,18155498.,0.,18155498.,0.,565248.,0.,565248.,0.,565248.,0.,565248.,0.,565248.,0.,565248.,0.
numal-lu-decomposition,4680084.,0.,4675988.,0.,4680084.,0.,4680084.,0.,8068096.,0.,8068096.,0.,8068096.,0.,8068096.,0.,8068096.,0.,8068096.,0.
numal-naive-multilayer,74082.,0.,69986.,0.,74082.,0.,74082.,0.,565248.,0.,565248.,0.,565248.,0.,565248.,0.,565248.,0.,565248.,0.
numal-qr-decomposition,1263373.,0.,1263179.,0.,1263179.,0.,1263567.,0.,491520.,0.,491520.,0.,491520.,0.,491520.,0.,491520.,0.,605696.,0.
numal-rnd_access,200032771.,0.,200032771.,0.,200032771.,0.,200032771.,0.,360491520.,0.,360491520.,0.,360491520.,0.,360491520.,0.,360491520.,0.,360491520.,0.
numal-simple_access,209263875.,0.,209259779.,0.,209263875.,0.,209263875.,0.,224531968.,0.,224531968.,0.,224531968.,0.,224531968.,0.,224531968.,0.,224531968.,0.
patdiff,,,,,,,,,3861504.,0.,3861504.,0.,,,,,,,,
sequence,32768.,0.,36864.,0.,36864.,0.,32768.,0.,565248.,0.,565248.,0.,565248.,0.,565248.,0.,565248.,0.,565248.,0.
sequence-cps,32768.,0.,32768.,0.,32768.,0.,32768.,0.,565248.,0.,565248.,0.,565248.,0.,565248.,0.,565248.,0.,565248.,0.
setrip,65539.,0.,65539.,0.,65539.,0.,65539.,0.,565248.,0.,565248.,0.,,,,,,,,
setrip-smallbuf,65539.,0.,65539.,0.,65539.,0.,65539.,0.,565248.,0.,565248.,0.,,,,,,,,

minor_collections,4.06.1+multicore+bench,,4.06.1+multicore+no-effect-syntax+bench,,4.06.1+multicore+scheduling+bench,,4.06.1+multicore-lazy+bench,,4.06.1+scheduling+bench,,4.06.1+trunk+bench,,4.08.0+optim_local_tailcalls+bench,,4.08.0+optim_local_tailcalls+flambda+bench,,4.08.0+trunk+bench,,4.08.0+trunk+flambda+bench,
almabench,1.,0.,1.,0.,1.,0.,1.,0.,44.,0.,44.,0.,44.,0.,45.,0.,44.,0.,45.,0.
bdd,291.,0.,291.,0.,291.,0.,291.,0.,294.,0.,295.,0.,295.,0.,295.,0.,295.,0.,295.,0.
cpdf-merge,733.,0.,730.,nan,714.,nan,731.,nan,771.,0.,772.,0.,774.,0.,761.,0.,775.,0.,762.,0.
cpdf-reformat,1694.,0.,1694.,nan,1694.,nan,1694.,nan,1726.,0.,1725.,0.,1728.,0.,1715.,0.,1727.,0.,1716.,0.
cpdf-squeeze,1513.,0.,1476.,0.,1476.,0.,1478.,0.,1561.,0.,1560.,0.,1563.,0.,1540.,0.,1561.,0.,1541.,0.
cpdf-transform,214.,0.,214.,0.,214.,0.,214.,0.,221.,0.,220.,0.,222.,0.,222.,0.,222.,0.,222.,0.
jsontrip-sample,17.,0.,17.,0.,17.,0.,17.,0.,29.,0.,28.,0.,,,,,,,,
kb,341.,0.,343.,0.,341.,0.,340.,0.,387.,0.,385.,0.,382.,0.,383.,0.,384.,0.,383.,0.
kb-no-exc,143.,0.,143.,nan,143.,nan,143.,nan,170.,0.,168.,0.,171.,0.,171.,0.,171.,0.,171.,0.
lexifi-g2pp,6038.,0.,6038.,0.,6023.,0.,6038.,0.,6407.,0.,6409.,0.,6291.,0.,6176.,0.,6409.,0.,6501.,0.
menhir-fancy,5.,0.,5.,0.,5.,0.,5.,0.,9.,0.,9.,0.,,,,,,,,
menhir-list-errors,9102.5,0.707106781187,9282.,nan,,,9102.,nan,,,9621.,0.,,,,,,,,
menhir-sql,3867.,0.,3867.,nan,3867.,nan,3867.,nan,3966.,0.,3969.,0.,,,,,,,,
menhir-standard,4.,0.,4.,0.,4.,0.,4.,0.,5.,0.,6.,0.,,,,,,,,
menhir-sysver,31199.,0.,31186.,nan,,,31199.,nan,,,31935.,0.,,,,,,,,
minilight,36852.,0.,36851.,0.,36867.,0.,36852.,0.,37210.,0.,37211.,0.,37211.,0.,41432.,0.,37211.,0.,41432.,0.
numal-durand-kerner-aberth,290.,0.,290.,0.,290.,0.,290.,0.,338.,0.,338.,0.,337.,0.,341.,0.,337.,0.,341.,0.
numal-fft,183.,0.,183.,0.,183.,0.,183.,0.,185.,0.,185.,0.,185.,0.,185.,0.,185.,0.,185.,0.
numal-k-means,2.,0.,2.,0.,2.,0.,2.,0.,391.,0.,391.,0.,392.,0.,390.,0.,392.,0.,390.,0.
numal-levinson-durbin,3676.,0.,3676.,0.,3676.,0.,3676.,0.,6385.,0.,4885.,0.,4885.,0.,4886.,0.,4885.,0.,4886.,0.
numal-lu-decomposition,20.,0.,20.,0.,20.,0.,20.,0.,2098.,0.,2097.,0.,2097.,0.,2095.,0.,2097.,0.,2095.,0.
numal-naive-multilayer,8253.,0.,8273.,0.,8253.,0.,8253.,0.,8352.,0.,8352.,0.,8351.,0.,7726.,0.,8352.,0.,7735.,0.
numal-qr-decomposition,6274.,0.,6273.,0.,6273.,0.,6275.,0.,6560.,0.,6552.,0.,6552.,0.,6553.,0.,6552.,0.,6556.,0.
numal-rnd_access,1.,0.,1.,0.,1.,0.,1.,0.,763.142857143,0.377964473009,763.,0.,764.,0.,764.,0.,764.,0.,764.,0.
numal-simple_access,866.,0.,866.,0.,866.,0.,866.,0.,2445.,0.,2446.,0.,2446.,0.,2446.,0.,2446.,0.,2446.,0.
patdiff,,,,,,,,,149.,0.,151.,0.,,,,,,,,
sequence,2853.,0.,2853.,0.,2853.,0.,2853.,0.,2898.,0.,2931.,0.,2920.,0.,2982.,0.,2922.,0.,2984.,0.
sequence-cps,5725.,0.,5725.,0.,5725.,0.,5725.,0.,6002.,0.,6176.,0.,6100.,0.,6271.,0.,6131.,0.,6305.,0.
setrip,610.,0.,639.,0.,639.,0.,610.,0.,654.,0.,656.,0.,,,,,,,,
setrip-smallbuf,608.,0.,645.,0.,645.,0.,608.,0.,654.,0.,655.,0.,,,,,,,,

major_collections,4.06.1+multicore+bench,,4.06.1+multicore+no-effect-syntax+bench,,4.06.1+multicore+scheduling+bench,,4.06.1+multicore-lazy+bench,,4.06.1+scheduling+bench,,4.06.1+trunk+bench,,4.08.0+optim_local_tailcalls+bench,,4.08.0+optim_local_tailcalls+flambda+bench,,4.08.0+trunk+bench,,4.08.0+trunk+flambda+bench,
almabench,1.,0.,1.,0.,1.,0.,1.,0.,0.,0.,0.,0.,0.,0.,1.,0.,0.,0.,1.,0.
bdd,5.,0.,5.,0.,5.,0.,5.,0.,4.,0.,5.,0.,5.,0.,5.,0.,5.,0.,5.,0.
cpdf-merge,30.,0.,30.,nan,30.,nan,30.,nan,24.,0.,24.,0.,26.,0.,27.,0.,27.,0.,27.,0.
cpdf-reformat,29.,0.,29.,nan,29.,nan,29.,nan,25.,0.,24.,0.,26.,0.,27.,0.,26.,0.,27.,0.
cpdf-squeeze,36.,0.,36.,0.,36.,0.,36.,0.,33.,0.,32.,0.,35.,0.,35.,0.,33.,0.,36.,0.
cpdf-transform,15.,0.,15.,0.,15.,0.,15.,0.,13.,0.,13.,0.,15.,0.,15.,0.,15.,0.,15.,0.
jsontrip-sample,2.,0.,2.,0.,2.,0.,2.,0.,4.,0.,2.,0.,,,,,,,,
kb,65.,0.,71.,0.,67.,0.,65.,0.,67.,0.,63.,0.,60.,0.,67.,0.,63.,0.,67.,0.
kb-no-exc,57.,0.,56.,nan,56.,nan,57.,nan,43.,0.,40.,0.,44.,0.,50.,0.,44.,0.,50.,0.
lexifi-g2pp,11.,0.,11.,0.,11.,0.,11.,0.,8.,0.,11.,0.,7.,0.,5.,0.,10.,0.,11.,0.
menhir-fancy,1.,0.,1.,0.,1.,0.,1.,0.,1.,0.,1.,0.,,,,,,,,
menhir-list-errors,36.,0.,36.,nan,,,36.,nan,,,30.,0.,,,,,,,,
menhir-sql,15.,0.,15.,nan,15.,nan,15.,nan,16.,0.,17.,0.,,,,,,,,
menhir-standard,1.,0.,1.,0.,1.,0.,1.,0.,1.,0.,1.,0.,,,,,,,,
menhir-sysver,38.,0.,38.,nan,,,38.,nan,,,58.,0.,,,,,,,,
minilight,38.,0.,38.,0.,38.,0.,38.,0.,53.,0.,56.,0.,56.,0.,58.,0.,56.,0.,58.,0.
numal-durand-kerner-aberth,47.,0.,48.,0.,47.,0.,47.,0.,86.,0.,85.,0.,84.,0.,91.,0.,84.,0.,91.,0.
numal-fft,10.,0.,10.,0.,10.,0.,10.,0.,4.,0.,3.,0.,3.,0.,3.,0.,3.,0.,3.,0.
numal-k-means,2.,0.,2.,0.,2.,0.,2.,0.,0.,0.,0.,0.,2.,0.,1.,0.,2.,0.,1.,0.
numal-levinson-durbin,72.,0.,72.,0.,72.,0.,72.,0.,3840.,0.,1755.,0.,1755.,0.,1755.,0.,1755.,0.,1755.,0.
numal-lu-decomposition,3.,0.,3.,0.,3.,0.,3.,0.,5.,0.,5.,0.,8.,0.,9.,0.,8.,0.,9.,0.
numal-naive-multilayer,129.,0.,132.,0.,129.,0.,129.,0.,143.,0.,143.,0.,142.,0.,1096.,0.,143.,0.,1114.,0.
numal-qr-decomposition,9.,0.,9.,0.,9.,0.,9.,0.,50.,0.,40.,0.,40.,0.,43.,0.,40.,0.,48.,0.
numal-rnd_access,1.,0.,1.,0.,1.,0.,1.,0.,0.,0.,0.,0.,1.,0.,1.,0.,1.,0.,1.,0.
numal-simple_access,5.,0.,5.,0.,5.,0.,5.,0.,6.,0.,8.,0.,9.,0.,9.,0.,9.,0.,9.,0.
patdiff,,,,,,,,,10.,0.,10.,0.,,,,,,,,
sequence,165.,0.,156.,0.,156.,0.,165.,0.,70.,0.,136.,0.,114.,0.,239.,0.,119.,0.,243.,0.
sequence-cps,961.,0.,961.,0.,961.,0.,961.,0.,550.,0.,898.,0.,746.,0.,1090.,0.,808.,0.,1158.,0.
setrip,12.,0.,13.,0.,13.,0.,12.,0.,6.,0.,10.,0.,,,,,,,,
setrip-smallbuf,12.,0.,13.,0.,13.,0.,12.,0.,6.,0.,9.,0.,,,,,,,,

compactions,4.06.1+multicore+bench,,4.06.1+multicore+no-effect-syntax+bench,,4.06.1+multicore+scheduling+bench,,4.06.1+multicore-lazy+bench,,4.06.1+scheduling+bench,,4.06.1+trunk+bench,,4.08.0+optim_local_tailcalls+bench,,4.08.0+optim_local_tailcalls+flambda+bench,,4.08.0+trunk+bench,,4.08.0+trunk+flambda+bench,
almabench,,,,,,,,,0.,0.,0.,0.,0.,0.,0.,0.,0.,0.,0.,0.
bdd,,,,,,,,,0.,0.,0.,0.,0.,0.,0.,0.,0.,0.,0.,0.
cpdf-merge,,,,,,,,,0.,0.,0.,0.,1.,0.,1.,0.,1.,0.,1.,0.
cpdf-reformat,,,,,,,,,0.,0.,0.,0.,1.,0.,1.,0.,1.,0.,1.,0.
cpdf-squeeze,,,,,,,,,0.,0.,0.,0.,1.,0.,1.,0.,1.,0.,1.,0.
cpdf-transform,,,,,,,,,0.,0.,0.,0.,1.,0.,1.,0.,1.,0.,1.,0.
jsontrip-sample,,,,,,,,,2.,0.,0.,0.,,,,,,,,
kb,,,,,,,,,4.,0.,3.,0.,6.,0.,2.,0.,5.,0.,2.,0.
kb-no-exc,,,,,,,,,6.,0.,3.,0.,5.,0.,2.,0.,5.,0.,2.,0.
lexifi-g2pp,,,,,,,,,2.,0.,2.,0.,2.,0.,2.,0.,2.,0.,2.,0.
menhir-fancy,,,,,,,,,0.,0.,0.,0.,,,,,,,,
menhir-list-errors,,,,,,,,,,,0.,0.,,,,,,,,
menhir-sql,,,,,,,,,0.,0.,0.,0.,,,,,,,,
menhir-standard,,,,,,,,,0.,0.,0.,0.,,,,,,,,
menhir-sysver,,,,,,,,,,,0.,0.,,,,,,,,
minilight,,,,,,,,,0.,0.,0.,0.,0.,0.,0.,0.,0.,0.,0.,0.
numal-durand-kerner-aberth,,,,,,,,,2.,0.,2.,0.,2.,0.,2.,0.,2.,0.,2.,0.
numal-fft,,,,,,,,,0.,0.,0.,0.,0.,0.,0.,0.,0.,0.,0.,0.
numal-k-means,,,,,,,,,0.,0.,0.,0.,0.,0.,0.,0.,0.,0.,0.,0.
numal-levinson-durbin,,,,,,,,,1245.,0.,382.,0.,382.,0.,383.,0.,382.,0.,383.,0.
numal-lu-decomposition,,,,,,,,,0.,0.,0.,0.,0.,0.,0.,0.,0.,0.,0.,0.
numal-naive-multilayer,,,,,,,,,2.,0.,2.,0.,2.,0.,2.,0.,2.,0.,2.,0.
numal-qr-decomposition,,,,,,,,,0.,0.,0.,0.,0.,0.,0.,0.,0.,0.,2.,0.
numal-rnd_access,,,,,,,,,0.,0.,0.,0.,0.,0.,0.,0.,0.,0.,0.,0.
numal-simple_access,,,,,,,,,0.,0.,0.,0.,0.,0.,0.,0.,0.,0.,0.,0.
patdiff,,,,,,,,,1.,0.,1.,0.,,,,,,,,
sequence,,,,,,,,,2.,0.,2.,0.,2.,0.,2.,0.,2.,0.,2.,0.
sequence-cps,,,,,,,,,2.,0.,2.,0.,2.,0.,2.,0.,2.,0.,2.,0.
setrip,,,,,,,,,2.,0.,2.,0.,,,,,,,,
setrip-smallbuf,,,,,,,,,2.,0.,2.,0.,,,,,,,,

heap_words,4.06.1+multicore+bench,,4.06.1+multicore+no-effect-syntax+bench,,4.06.1+multicore+scheduling+bench,,4.06.1+multicore-lazy+bench,,4.06.1+scheduling+bench,,4.06.1+trunk+bench,,4.08.0+optim_local_tailcalls+bench,,4.08.0+optim_local_tailcalls+flambda+bench,,4.08.0+trunk+bench,,4.08.0+trunk+flambda+bench,
almabench,36864.,0.,32768.,0.,32768.,0.,36864.,0.,491520.,0.,491520.,0.,491520.,0.,491520.,0.,491520.,0.,491520.,0.
bdd,573081.,0.,573081.,0.,573081.,0.,573081.,0.,565248.,0.,650240.,0.,650240.,0.,650240.,0.,650240.,0.,650240.,0.
cpdf-merge,39245769.,0.,39053538.,nan,37871373.,nan,39106400.,nan,49650688.,0.,43174400.,0.,45316096.,0.,45316096.,0.,45316096.,0.,45316096.,0.
cpdf-reformat,30609141.,0.,30596853.,nan,30609141.,nan,30609141.,nan,32645632.,0.,28387328.,0.,29795328.,0.,34265088.,0.,34265088.,0.,34265088.,0.
cpdf-squeeze,29811032.,0.,28036569.,0.,28036569.,0.,28232783.,0.,43174400.,0.,37542912.,0.,45316096.,0.,39405056.,0.,34265088.,0.,45316096.,0.
cpdf-transform,10593479.,0.,10593479.,0.,10593479.,0.,10593479.,0.,19150848.,0.,14480384.,0.,3531264.,0.,3531264.,0.,3531264.,0.,3531264.,0.
jsontrip-sample,94607.,0.,94607.,0.,94607.,0.,90511.,0.,73728.,0.,491520.,0.,,,,,,,,
kb,212992.,0.,245760.,0.,225280.,0.,438272.,0.,430080.,0.,430080.,0.,368640.,0.,380928.,0.,245760.,0.,380928.,0.
kb-no-exc,270336.,0.,270336.,nan,270336.,nan,270336.,nan,494592.,0.,494592.,0.,494592.,0.,320512.,0.,494592.,0.,320512.,0.
lexifi-g2pp,156643.,0.,156643.,0.,152547.,0.,156643.,0.,163328.,0.,163328.,0.,163328.,0.,101888.,0.,163328.,0.,163328.,0.
menhir-fancy,358034.,0.,357664.,0.,357664.,0.,358034.,0.,491520.,0.,491520.,0.,,,,,,,,
menhir-list-errors,297363994.,23170.4750059,297658774.,nan,,,297380378.,nan,,,704860160.,0.,,,,,,,,
menhir-sql,49089295.,0.,48188043.,nan,48192139.,nan,48282383.,nan,49650688.,0.,37542912.,0.,,,,,,,,
menhir-standard,328444.,0.,323978.,0.,323978.,0.,328444.,0.,491520.,0.,491520.,0.,,,,,,,,
menhir-sysver,83671184.,0.,84510732.,nan,,,83671184.,nan,,,91529728.,0.,,,,,,,,
minilight,1094234.,0.,1094234.,0.,1094234.,0.,1094234.,0.,860672.,0.,748032.,0.,748032.,0.,748032.,0.,748032.,0.,748032.,0.
numal-durand-kerner-aberth,49152.,0.,45056.,0.,49152.,0.,49152.,0.,73728.,0.,73728.,0.,73728.,0.,73728.,0.,73728.,0.,73728.,0.
numal-fft,50319369.,0.,50319369.,0.,50323465.,0.,50319369.,0.,85220352.,0.,129609728.,0.,129609728.,0.,129609728.,0.,129609728.,0.,129609728.,0.
numal-k-means,560227.,0.,564323.,0.,564323.,0.,564323.,0.,596992.,0.,596992.,0.,596992.,0.,491520.,0.,596992.,0.,491520.,0.
numal-levinson-durbin,18155498.,0.,18155498.,0.,18155498.,0.,18155498.,0.,245760.,0.,122880.,0.,122880.,0.,122880.,0.,122880.,0.,122880.,0.
numal-lu-decomposition,4680084.,0.,4675988.,0.,4680084.,0.,4680084.,0.,8068096.,0.,8068096.,0.,8068096.,0.,8068096.,0.,8068096.,0.,8068096.,0.
numal-naive-multilayer,74082.,0.,69986.,0.,74082.,0.,74082.,0.,73728.,0.,73728.,0.,73728.,0.,73728.,0.,73728.,0.,73728.,0.
numal-qr-decomposition,1263373.,0.,1263179.,0.,1263179.,0.,1263567.,0.,491520.,0.,491520.,0.,491520.,0.,491520.,0.,491520.,0.,237056.,0.
numal-rnd_access,200032771.,0.,200032771.,0.,200032771.,0.,200032771.,0.,360491520.,0.,360491520.,0.,360491520.,0.,360491520.,0.,360491520.,0.,360491520.,0.
numal-simple_access,209263875.,0.,209259779.,0.,209263875.,0.,209263875.,0.,224531968.,0.,224531968.,0.,224531968.,0.,224531968.,0.,224531968.,0.,224531968.,0.
patdiff,,,,,,,,,3527680.,0.,3824640.,0.,,,,,,,,
sequence,32768.,0.,36864.,0.,36864.,0.,32768.,0.,73728.,0.,73728.,0.,73728.,0.,73728.,0.,73728.,0.,73728.,0.
sequence-cps,32768.,0.,32768.,0.,32768.,0.,32768.,0.,73728.,0.,73728.,0.,73728.,0.,73728.,0.,73728.,0.,73728.,0.
setrip,65539.,0.,65539.,0.,65539.,0.,65539.,0.,73728.,0.,73728.,0.,,,,,,,,
setrip-smallbuf,65539.,0.,65539.,0.,65539.,0.,65539.,0.,73728.,0.,73728.,0.,,,,,,,,

heap_chunks,4.06.1+multicore+bench,,4.06.1+multicore+no-effect-syntax+bench,,4.06.1+multicore+scheduling+bench,,4.06.1+multicore-lazy+bench,,4.06.1+scheduling+bench,,4.06.1+trunk+bench,,4.08.0+optim_local_tailcalls+bench,,4.08.0+optim_local_tailcalls+flambda+bench,,4.08.0+trunk+bench,,4.08.0+trunk+flambda+bench,
almabench,,,,,,,,,1.,0.,1.,0.,1.,0.,1.,0.,1.,0.,1.,0.
bdd,,,,,,,,,2.,0.,3.,0.,3.,0.,3.,0.,3.,0.,3.,0.
cpdf-merge,,,,,,,,,34.,0.,33.,0.,32.,0.,32.,0.,32.,0.,32.,0.
cpdf-reformat,,,,,,,,,31.,0.,30.,0.,29.,0.,30.,0.,30.,0.,30.,0.
cpdf-squeeze,,,,,,,,,33.,0.,32.,0.,32.,0.,31.,0.,30.,0.,32.,0.
cpdf-transform,,,,,,,,,22.,0.,20.,0.,2.,0.,2.,0.,2.,0.,2.,0.
jsontrip-sample,,,,,,,,,1.,0.,1.,0.,,,,,,,,
kb,,,,,,,,,7.,0.,7.,0.,6.,0.,6.,0.,4.,0.,6.,0.
kb-no-exc,,,,,,,,,8.,0.,8.,0.,8.,0.,5.,0.,8.,0.,5.,0.
lexifi-g2pp,,,,,,,,,2.,0.,2.,0.,2.,0.,1.,0.,2.,0.,2.,0.
menhir-fancy,,,,,,,,,1.,0.,1.,0.,,,,,,,,
menhir-list-errors,,,,,,,,,,,44.,0.,,,,,,,,
menhir-sql,,,,,,,,,34.,0.,32.,0.,,,,,,,,
menhir-standard,,,,,,,,,1.,0.,1.,0.,,,,,,,,
menhir-sysver,,,,,,,,,,,38.,0.,,,,,,,,
minilight,,,,,,,,,5.,0.,4.,0.,4.,0.,4.,0.,4.,0.,4.,0.
numal-durand-kerner-aberth,,,,,,,,,1.,0.,1.,0.,1.,0.,1.,0.,1.,0.,1.,0.
numal-fft,,,,,,,,,13.,0.,16.,0.,16.,0.,16.,0.,16.,0.,16.,0.
numal-k-means,,,,,,,,,2.,0.,2.,0.,2.,0.,1.,0.,2.,0.,1.,0.
numal-levinson-durbin,,,,,,,,,4.,0.,2.,0.,2.,0.,2.,0.,2.,0.,2.,0.
numal-lu-decomposition,,,,,,,,,21.,0.,21.,0.,21.,0.,21.,0.,21.,0.,21.,0.
numal-naive-multilayer,,,,,,,,,1.,0.,1.,0.,1.,0.,1.,0.,1.,0.,1.,0.
numal-qr-decomposition,,,,,,,,,1.,0.,1.,0.,1.,0.,1.,0.,1.,0.,3.,0.
numal-rnd_access,,,,,,,,,2.,0.,2.,0.,2.,0.,2.,0.,2.,0.,2.,0.
numal-simple_access,,,,,,,,,15.,0.,15.,0.,15.,0.,15.,0.,15.,0.,15.,0.
patdiff,,,,,,,,,9.,0.,11.,0.,,,,,,,,
sequence,,,,,,,,,1.,0.,1.,0.,1.,0.,1.,0.,1.,0.,1.,0.
sequence-cps,,,,,,,,,1.,0.,1.,0.,1.,0.,1.,0.,1.,0.,1.,0.
setrip,,,,,,,,,1.,0.,1.,0.,,,,,,,,
setrip-smallbuf,,,,,,,,,1.,0.,1.,0.,,,,,,,,

mean_space_overhead,4.06.1+multicore+bench,,4.06.1+multicore+no-effect-syntax+bench,,4.06.1+multicore+scheduling+bench,,4.06.1+multicore-lazy+bench,,4.06.1+scheduling+bench,,4.06.1+trunk+bench,,4.08.0+optim_local_tailcalls+bench,,4.08.0+optim_local_tailcalls+flambda+bench,,4.08.0+trunk+bench,,4.08.0+trunk+flambda+bench,
almabench,0.,0.,0.,0.,0.,0.,0.,0.,,,,,,,,,,,,
bdd,29.488469,3.64500732561e-15,29.482144,7.29001465121e-15,29.485306,3.64500732561e-15,29.488469,3.64500732561e-15,,,,,,,,,,,,
cpdf-merge,19.730403,0.,,,,,,,,,,,,,,,,,,
cpdf-reformat,26.578181,0.,,,,,,,,,,,,,,,,,,
cpdf-squeeze,29.562304,0.,29.342826,0.,29.218629,0.,29.189811,4.35116785763e-15,,,,,,,,,,,,
cpdf-transform,32.844012,0.,32.846182,0.,32.84631,0.,32.844899,0.,,,,,,,,,,,,
jsontrip-sample,334.378133,3.41824367455e-13,334.722222,1.70915636185e-12,334.791105,1.880034021e-12,312.590326,5.12731441776e-13,,,,,,,,,,,,
kb,76.408037,0.,91.123729,1.50728876034e-14,66.924631,1.50728876034e-14,44.567186,0.,,,,,,,,,,,,
kb-no-exc,79.952563,2.94946017711e-14,,,,,,,,,,,,,,,,,,
lexifi-g2pp,96.790652,0.,96.780763,0.,91.8504,0.,96.790652,0.,,,,,,,,,,,,
menhir-fancy,0.,0.,0.,0.,0.,0.,0.,0.,,,,,,,,,,,,
menhir-list-errors,20.634795,0.000172534054611,,,,,,,,,,,,,,,,,,
menhir-sql,9.349187,0.,,,,,,,,,,,,,,,,,,
menhir-standard,0.,0.,0.,0.,0.,0.,0.,0.,,,,,,,,,,,,
menhir-sysver,41.52039,0.,,,,,,,,,,,,,,,,,,
minilight,52.205238,0.,52.336037,0.,52.208121,0.,52.204604,8.70233571527e-15,,,,,,,,,,,,
numal-durand-kerner-aberth,656.587855,6.891898268e-13,600.463559,1.14864971133e-13,656.331542,0.,656.331542,0.,,,,,,,,,,,,
numal-fft,38.612443,0.,38.612394,0.,38.656878,0.,38.612443,0.,,,,,,,,,,,,
numal-k-means,10.199212,7.18571722086e-15,11.47746,5.38928791564e-15,11.47746,5.38928791564e-15,11.476069,3.59285861043e-15,,,,,,,,,,,,
numal-levinson-durbin,95.500408,0.,95.500088,0.,95.500088,0.,95.500239,1.74046714305e-14,,,,,,,,,,,,
numal-lu-decomposition,26.466045,0.,24.214355,0.,26.466785,3.9720546452e-15,26.468266,0.,,,,,,,,,,,,
numal-naive-multilayer,197.151283,0.,183.903689,0.,197.103607,0.,197.127443,0.,,,,,,,,,,,,
numal-qr-decomposition,57.810397,0.,55.801197,0.,57.744404,0.,57.807812,0.,,,,,,,,,,,,
numal-rnd_access,0.,0.,0.,0.,0.,0.,0.,0.,,,,,,,,,,,,
numal-simple_access,4690.892856,0.,3913.5539,5.56949485777e-13,4629.648832,0.,4629.648832,0.,,,,,,,,,,,,
sequence,6755.230126,0.,7362.348178,0.,7392.682927,0.,6755.230126,0.,,,,,,,,,,,,
sequence-cps,7915.320031,0.,7837.636631,0.,7837.636631,0.,7876.289145,0.,,,,,,,,,,,,
setrip,621.430204,0.,624.297617,0.,624.297617,0.,621.255637,0.,,,,,,,,,,,,
setrip-smallbuf,620.779546,0.,623.105798,0.,623.105798,0.,620.668505,0.,,,,,,,,,,,,

